{
  "connect": "Signal_Override_09.png",
  "config": "NeonShroud_Comm.png",
  "interpreter": "GhostRelay_Hub.png",
  "rfid": "cyberpunk_rfid.png",
  "ir": "cyberpunk_ir.png",
  "rf": "cyberpunk_nrf.png",
  "ble": "cyberpunk_bluetooth.png",
  "wifi": "cyberpunk_wifi.png",
  "fm": "cyberpunk_fm.png",
  "files": "cyberpunk_files.png",
  "nrf": "DarkNet_Window.png",
  "others": "Tower_Whisper_X.png",
  "gps": "ByteWatcher_Node.png",
  "clock": "RainShell_Uplink.png",
  "priColor": "26fd",
  "secColor": "e17b",
  "bgColor": "0000",
  "border": 0,
  "label": 0
}