{
  "rf": "GhostStrats_SignalNode.png",
  "wifi": "GhostStrats_WiFiWave.png",
  "ble": "GhostStrats_BluetoothDrop.png",
  "rfid": "GhostStrats_ChipPulse.png",
  "fm": "GhostStrats_FMBeacon.png",
  "ir": "GhostStrats_IRScan.png",
  "files": "GhostStrats_InterpreterX.png",
  "nrf": "GhostStrats_SignalNRF.png",
  "interpreter": "GhostStrats_InterpreterX.png",
  "connect": "GhostStrats_ConnectLoop.png",
  "gps": "GhostStrats_GPSRain.png",
  "others": "GhostStrats_DigitalOthers.png",
  "config": "GhostStrats_Config.png",
  "clock": "GhostStrats_NeoClock.png",
  "priColor": "663b",
  "secColor": "f018",
  "bgColor": "0000",
  "border": 1,
  "label": 0
}